{
  "wa_profile_info": {
    "phone_number": "33698982780",
    "report_generation_time": 1729152721,
    "report_request_time": 1728870673,
    "device_activity": [
      {
        "device_id": 0,
        "status": "offline",
        "last_active_time": 1728817714,
        "online_since": 1728817714,
        "previous_connection_ip": "185.13.107.0"
      },
      {
        "device_id": 5,
        "status": "offline",
        "last_active_time": 1728182866,
        "online_since": 1728182866,
        "previous_connection_ip": "2a01:e0a:334::"
      },
      {
        "device_id": 6,
        "status": "offline",
        "last_active_time": 1729126115,
        "online_since": 1729126115,
        "previous_connection_ip": "2a01:e0a:334::"
      }
    ],
    "about": "Salut\u00c2\u00a0! J\u00e2\u0080\u0099utilise WhatsApp.",
    "about_set_timestamp": 1708845664,
    "profile_picture_upload_time": 0
  }
}