{
  "wa_settings": {
    "last_seen_privacy": "none",
    "profile_photo_privacy": "none",
    "about_privacy": "none",
    "status_privacy": [
      "My Contacts (active)"
    ],
    "blocked_numbers": [
      "+33787086176",
      "+33745586240"
    ],
    "blocked_numbers_update_time": 1728695786,
    "blocked_3p_users": [
      
    ],
    "read_receipts": "all",
    "is_dma_eligible": false,
    "opted_in_dma_integrators": [
      
    ],
    "settings_last_fetch_time": {
      "6": 1729104957,
      "5": 1728172653,
      "0": 1728748201
    },
    "current_sync_session_id": "3/eig673zsgBWdY8q+q/MQ==",
    "current_sync_session_account_registration_time": 1726322983,
    "sync_sessions": [
      {
        "sync_session_id": "3/eig673zsgBWdY8q+q/MQ==",
        "account_registration_time": 1726322983,
        "state_collections": [
          "critical_block",
          "critical_unblock_low",
          "regular",
          "regular_high",
          "regular_low"
        ]
      }
    ],
    "device_sync_status": [
      {
        "device_id": 0
      },
      {
        "device_id": 5
      },
      {
        "device_id": 6
      }
    ],
    "device_info": [
      {
        "device_id": 0,
        "app_version": "iPhone-2.24.20.71",
        "operating_system_version": "17.5.1",
        "device_manufacturer": "Apple",
        "device_model": "iPhone 11"
      },
      {
        "device_id": 5,
        "app_version": "Web-2.3000.1017096062,Beta",
        "operating_system_version": "0.1",
        "device_manufacturer": "",
        "device_model": "Desktop"
      },
      {
        "device_id": 6,
        "app_version": "Web-2.3000.1017408998,Beta",
        "operating_system_version": "0.1",
        "device_manufacturer": "",
        "device_model": "Desktop"
      }
    ],
    "notification_settings": [
      
    ],
    "muted_groups": [
      
    ],
    "is_nc_eligible": false,
    "whatsapp_contacts": true
  }
}